,$\theta_p$,Policy,Average reward
0,1,$\pi_A$,759.6842660109996
1,1,$\pi_B$,836.5456546711922
2,1,$\pi_{rand}$,691.7924697208405
3,2,$\pi_A$,828.0366528792381
4,2,$\pi_B$,833.4065458750724
5,2,$\pi_{rand}$,710.635873875618
6,3,$\pi_A$,834.3546054717302
7,3,$\pi_B$,833.5786815071106
8,3,$\pi_{rand}$,-348.37197810173035
9,4,$\pi_A$,546.2355169577598
10,4,$\pi_B$,822.9243056054115
11,4,$\pi_{rand}$,701.9544912624359
